{
  "Total" : {
    "transaction" : "Total",
    "sampleCount" : 2000,
    "errorCount" : 0,
    "errorPct" : 0.0,
    "meanResTime" : 2605.444,
    "medianResTime" : 2822.0,
    "minResTime" : 172.0,
    "maxResTime" : 5094.0,
    "pct1ResTime" : 3217.9,
    "pct2ResTime" : 3787.7499999999955,
    "pct3ResTime" : 4270.85,
    "throughput" : 134.77997169620596,
    "receivedKBytesPerSec" : 117.70779807433115,
    "sentKBytesPerSec" : 63.04649066648696
  },
  "HTTP Request" : {
    "transaction" : "HTTP Request",
    "sampleCount" : 2000,
    "errorCount" : 0,
    "errorPct" : 0.0,
    "meanResTime" : 2605.444,
    "medianResTime" : 2822.0,
    "minResTime" : 172.0,
    "maxResTime" : 5094.0,
    "pct1ResTime" : 3217.9,
    "pct2ResTime" : 3787.7499999999955,
    "pct3ResTime" : 4270.85,
    "throughput" : 134.77997169620596,
    "receivedKBytesPerSec" : 117.70779807433115,
    "sentKBytesPerSec" : 63.04649066648696
  }
}