{
  "Total" : {
    "transaction" : "Total",
    "sampleCount" : 4000,
    "errorCount" : 0,
    "errorPct" : 0.0,
    "meanResTime" : 310.3290000000001,
    "medianResTime" : 305.0,
    "minResTime" : 17.0,
    "maxResTime" : 766.0,
    "pct1ResTime" : 419.9000000000001,
    "pct2ResTime" : 462.0,
    "pct3ResTime" : 572.8999999999978,
    "throughput" : 1.5890905753818882,
    "receivedKBytesPerSec" : 1.3855434359534922,
    "sentKBytesPerSec" : 0.7433343609452387
  },
  "HTTP Request" : {
    "transaction" : "HTTP Request",
    "sampleCount" : 4000,
    "errorCount" : 0,
    "errorPct" : 0.0,
    "meanResTime" : 310.3290000000001,
    "medianResTime" : 305.0,
    "minResTime" : 17.0,
    "maxResTime" : 766.0,
    "pct1ResTime" : 419.9000000000001,
    "pct2ResTime" : 462.0,
    "pct3ResTime" : 572.8999999999978,
    "throughput" : 1.5890905753818882,
    "receivedKBytesPerSec" : 1.3855434359534922,
    "sentKBytesPerSec" : 0.7433343609452387
  }
}