{
  "Total" : {
    "transaction" : "Total",
    "sampleCount" : 2000,
    "errorCount" : 0,
    "errorPct" : 0.0,
    "meanResTime" : 90.00149999999996,
    "medianResTime" : 84.0,
    "minResTime" : 13.0,
    "maxResTime" : 306.0,
    "pct1ResTime" : 147.9000000000001,
    "pct2ResTime" : 173.0,
    "pct3ResTime" : 221.0,
    "throughput" : 469.8144233027954,
    "receivedKBytesPerSec" : 216.95906191273198,
    "sentKBytesPerSec" : 285.83436105238434
  },
  "HTTP Request" : {
    "transaction" : "HTTP Request",
    "sampleCount" : 2000,
    "errorCount" : 0,
    "errorPct" : 0.0,
    "meanResTime" : 90.00149999999996,
    "medianResTime" : 84.0,
    "minResTime" : 13.0,
    "maxResTime" : 306.0,
    "pct1ResTime" : 147.9000000000001,
    "pct2ResTime" : 173.0,
    "pct3ResTime" : 221.0,
    "throughput" : 469.8144233027954,
    "receivedKBytesPerSec" : 216.95906191273198,
    "sentKBytesPerSec" : 285.83436105238434
  }
}