{
  "Total" : {
    "transaction" : "Total",
    "sampleCount" : 2000,
    "errorCount" : 0,
    "errorPct" : 0.0,
    "meanResTime" : 24.34800000000007,
    "medianResTime" : 23.0,
    "minResTime" : 11.0,
    "maxResTime" : 119.0,
    "pct1ResTime" : 34.0,
    "pct2ResTime" : 38.94999999999982,
    "pct3ResTime" : 50.0,
    "throughput" : 359.0019745108598,
    "receivedKBytesPerSec" : 165.6894029909352,
    "sentKBytesPerSec" : 218.41624035182195
  },
  "HTTP Request" : {
    "transaction" : "HTTP Request",
    "sampleCount" : 2000,
    "errorCount" : 0,
    "errorPct" : 0.0,
    "meanResTime" : 24.34800000000007,
    "medianResTime" : 23.0,
    "minResTime" : 11.0,
    "maxResTime" : 119.0,
    "pct1ResTime" : 34.0,
    "pct2ResTime" : 38.94999999999982,
    "pct3ResTime" : 50.0,
    "throughput" : 359.0019745108598,
    "receivedKBytesPerSec" : 165.6894029909352,
    "sentKBytesPerSec" : 218.41624035182195
  }
}