{
  "Total" : {
    "transaction" : "Total",
    "sampleCount" : 150,
    "errorCount" : 0,
    "errorPct" : 0.0,
    "meanResTime" : 105.03333333333332,
    "medianResTime" : 87.5,
    "minResTime" : 13.0,
    "maxResTime" : 259.0,
    "pct1ResTime" : 227.0,
    "pct2ResTime" : 242.0,
    "pct3ResTime" : 257.98,
    "throughput" : 210.37868162692845,
    "receivedKBytesPerSec" : 96.94676981065919,
    "sentKBytesPerSec" : 127.99406118513325
  },
  "HTTP Request" : {
    "transaction" : "HTTP Request",
    "sampleCount" : 150,
    "errorCount" : 0,
    "errorPct" : 0.0,
    "meanResTime" : 105.03333333333332,
    "medianResTime" : 87.5,
    "minResTime" : 13.0,
    "maxResTime" : 259.0,
    "pct1ResTime" : 227.0,
    "pct2ResTime" : 242.0,
    "pct3ResTime" : 257.98,
    "throughput" : 210.37868162692845,
    "receivedKBytesPerSec" : 96.94676981065919,
    "sentKBytesPerSec" : 127.99406118513325
  }
}