{
  "Total" : {
    "transaction" : "Total",
    "sampleCount" : 2000,
    "errorCount" : 0,
    "errorPct" : 0.0,
    "meanResTime" : 63.36950000000008,
    "medianResTime" : 62.0,
    "minResTime" : 19.0,
    "maxResTime" : 142.0,
    "pct1ResTime" : 89.0,
    "pct2ResTime" : 97.0,
    "pct3ResTime" : 113.0,
    "throughput" : 152.02189115232594,
    "receivedKBytesPerSec" : 132.0483079250912,
    "sentKBytesPerSec" : 71.11180259957433
  },
  "HTTP Request" : {
    "transaction" : "HTTP Request",
    "sampleCount" : 2000,
    "errorCount" : 0,
    "errorPct" : 0.0,
    "meanResTime" : 63.36950000000008,
    "medianResTime" : 62.0,
    "minResTime" : 19.0,
    "maxResTime" : 142.0,
    "pct1ResTime" : 89.0,
    "pct2ResTime" : 97.0,
    "pct3ResTime" : 113.0,
    "throughput" : 152.02189115232594,
    "receivedKBytesPerSec" : 132.0483079250912,
    "sentKBytesPerSec" : 71.11180259957433
  }
}