{
  "Total" : {
    "transaction" : "Total",
    "sampleCount" : 100,
    "errorCount" : 0,
    "errorPct" : 0.0,
    "meanResTime" : 72.94999999999995,
    "medianResTime" : 25.0,
    "minResTime" : 15.0,
    "maxResTime" : 178.0,
    "pct1ResTime" : 166.9,
    "pct2ResTime" : 170.95,
    "pct3ResTime" : 177.99,
    "throughput" : 143.26647564469914,
    "receivedKBytesPerSec" : 66.01870299068769,
    "sentKBytesPerSec" : 87.16309992836676
  },
  "HTTP Request" : {
    "transaction" : "HTTP Request",
    "sampleCount" : 100,
    "errorCount" : 0,
    "errorPct" : 0.0,
    "meanResTime" : 72.94999999999995,
    "medianResTime" : 25.0,
    "minResTime" : 15.0,
    "maxResTime" : 178.0,
    "pct1ResTime" : 166.9,
    "pct2ResTime" : 170.95,
    "pct3ResTime" : 177.99,
    "throughput" : 143.26647564469914,
    "receivedKBytesPerSec" : 66.01870299068769,
    "sentKBytesPerSec" : 87.16309992836676
  }
}