{
  "Total" : {
    "transaction" : "Total",
    "sampleCount" : 2000,
    "errorCount" : 0,
    "errorPct" : 0.0,
    "meanResTime" : 66.60500000000016,
    "medianResTime" : 65.0,
    "minResTime" : 14.0,
    "maxResTime" : 154.0,
    "pct1ResTime" : 95.0,
    "pct2ResTime" : 104.0,
    "pct3ResTime" : 125.0,
    "throughput" : 143.88489208633092,
    "receivedKBytesPerSec" : 124.98039849370504,
    "sentKBytesPerSec" : 67.30553057553956
  },
  "HTTP Request" : {
    "transaction" : "HTTP Request",
    "sampleCount" : 2000,
    "errorCount" : 0,
    "errorPct" : 0.0,
    "meanResTime" : 66.60500000000016,
    "medianResTime" : 65.0,
    "minResTime" : 14.0,
    "maxResTime" : 154.0,
    "pct1ResTime" : 95.0,
    "pct2ResTime" : 104.0,
    "pct3ResTime" : 125.0,
    "throughput" : 143.88489208633092,
    "receivedKBytesPerSec" : 124.98039849370504,
    "sentKBytesPerSec" : 67.30553057553956
  }
}