{
  "Total" : {
    "transaction" : "Total",
    "sampleCount" : 80,
    "errorCount" : 0,
    "errorPct" : 0.0,
    "meanResTime" : 59.91249999999997,
    "medianResTime" : 21.5,
    "minResTime" : 14.0,
    "maxResTime" : 157.0,
    "pct1ResTime" : 143.0,
    "pct2ResTime" : 151.95,
    "pct3ResTime" : 157.0,
    "throughput" : 108.99182561307902,
    "receivedKBytesPerSec" : 50.219793085831064,
    "sentKBytesPerSec" : 66.31045640326975
  },
  "HTTP Request" : {
    "transaction" : "HTTP Request",
    "sampleCount" : 80,
    "errorCount" : 0,
    "errorPct" : 0.0,
    "meanResTime" : 59.91249999999997,
    "medianResTime" : 21.5,
    "minResTime" : 14.0,
    "maxResTime" : 157.0,
    "pct1ResTime" : 143.0,
    "pct2ResTime" : 151.95,
    "pct3ResTime" : 157.0,
    "throughput" : 108.99182561307902,
    "receivedKBytesPerSec" : 50.219793085831064,
    "sentKBytesPerSec" : 66.31045640326975
  }
}