{
  "Total" : {
    "transaction" : "Total",
    "sampleCount" : 2000,
    "errorCount" : 0,
    "errorPct" : 0.0,
    "meanResTime" : 309.9105000000002,
    "medianResTime" : 308.0,
    "minResTime" : 26.0,
    "maxResTime" : 699.0,
    "pct1ResTime" : 401.0,
    "pct2ResTime" : 433.0,
    "pct3ResTime" : 513.99,
    "throughput" : 154.79876160990713,
    "receivedKBytesPerSec" : 135.02450476489938,
    "sentKBytesPerSec" : 72.41074883900929
  },
  "HTTP Request" : {
    "transaction" : "HTTP Request",
    "sampleCount" : 2000,
    "errorCount" : 0,
    "errorPct" : 0.0,
    "meanResTime" : 309.9105000000002,
    "medianResTime" : 308.0,
    "minResTime" : 26.0,
    "maxResTime" : 699.0,
    "pct1ResTime" : 401.0,
    "pct2ResTime" : 433.0,
    "pct3ResTime" : 513.99,
    "throughput" : 154.79876160990713,
    "receivedKBytesPerSec" : 135.02450476489938,
    "sentKBytesPerSec" : 72.41074883900929
  }
}