{
  "Total" : {
    "transaction" : "Total",
    "sampleCount" : 2000,
    "errorCount" : 0,
    "errorPct" : 0.0,
    "meanResTime" : 636.9009999999997,
    "medianResTime" : 648.0,
    "minResTime" : 32.0,
    "maxResTime" : 1246.0,
    "pct1ResTime" : 748.0,
    "pct2ResTime" : 791.0,
    "pct3ResTime" : 944.8700000000001,
    "throughput" : 149.03129657228018,
    "receivedKBytesPerSec" : 129.47566889437408,
    "sentKBytesPerSec" : 69.71288189269747
  },
  "HTTP Request" : {
    "transaction" : "HTTP Request",
    "sampleCount" : 2000,
    "errorCount" : 0,
    "errorPct" : 0.0,
    "meanResTime" : 636.9009999999997,
    "medianResTime" : 648.0,
    "minResTime" : 32.0,
    "maxResTime" : 1246.0,
    "pct1ResTime" : 748.0,
    "pct2ResTime" : 791.0,
    "pct3ResTime" : 944.8700000000001,
    "throughput" : 149.03129657228018,
    "receivedKBytesPerSec" : 129.47566889437408,
    "sentKBytesPerSec" : 69.71288189269747
  }
}