{
  "Total" : {
    "transaction" : "Total",
    "sampleCount" : 2000,
    "errorCount" : 0,
    "errorPct" : 0.0,
    "meanResTime" : 62.06049999999996,
    "medianResTime" : 60.0,
    "minResTime" : 15.0,
    "maxResTime" : 135.0,
    "pct1ResTime" : 88.0,
    "pct2ResTime" : 95.0,
    "pct3ResTime" : 111.99000000000001,
    "throughput" : 153.86982612709647,
    "receivedKBytesPerSec" : 133.8205427036852,
    "sentKBytesPerSec" : 71.97621749499923
  },
  "HTTP Request" : {
    "transaction" : "HTTP Request",
    "sampleCount" : 2000,
    "errorCount" : 0,
    "errorPct" : 0.0,
    "meanResTime" : 62.06049999999996,
    "medianResTime" : 60.0,
    "minResTime" : 15.0,
    "maxResTime" : 135.0,
    "pct1ResTime" : 88.0,
    "pct2ResTime" : 95.0,
    "pct3ResTime" : 111.99000000000001,
    "throughput" : 153.86982612709647,
    "receivedKBytesPerSec" : 133.8205427036852,
    "sentKBytesPerSec" : 71.97621749499923
  }
}