{
  "Total" : {
    "transaction" : "Total",
    "sampleCount" : 4000,
    "errorCount" : 0,
    "errorPct" : 0.0,
    "meanResTime" : 43.22149999999998,
    "medianResTime" : 39.0,
    "minResTime" : 11.0,
    "maxResTime" : 258.0,
    "pct1ResTime" : 66.0,
    "pct2ResTime" : 79.0,
    "pct3ResTime" : 121.0,
    "throughput" : 1.595503870094075,
    "receivedKBytesPerSec" : 0.7368064918060904,
    "sentKBytesPerSec" : 0.9707020615904381
  },
  "HTTP Request" : {
    "transaction" : "HTTP Request",
    "sampleCount" : 4000,
    "errorCount" : 0,
    "errorPct" : 0.0,
    "meanResTime" : 43.22149999999998,
    "medianResTime" : 39.0,
    "minResTime" : 11.0,
    "maxResTime" : 258.0,
    "pct1ResTime" : 66.0,
    "pct2ResTime" : 79.0,
    "pct3ResTime" : 121.0,
    "throughput" : 1.595503870094075,
    "receivedKBytesPerSec" : 0.7368064918060904,
    "sentKBytesPerSec" : 0.9707020615904381
  }
}