{
  "Total" : {
    "transaction" : "Total",
    "sampleCount" : 30,
    "errorCount" : 0,
    "errorPct" : 0.0,
    "meanResTime" : 54.96666666666667,
    "medianResTime" : 29.0,
    "minResTime" : 22.0,
    "maxResTime" : 144.0,
    "pct1ResTime" : 122.0,
    "pct2ResTime" : 131.89999999999998,
    "pct3ResTime" : 144.0,
    "throughput" : 41.49377593360996,
    "receivedKBytesPerSec" : 35.81809733748271,
    "sentKBytesPerSec" : 19.409686203319502
  },
  "HTTP Request" : {
    "transaction" : "HTTP Request",
    "sampleCount" : 30,
    "errorCount" : 0,
    "errorPct" : 0.0,
    "meanResTime" : 54.96666666666667,
    "medianResTime" : 29.0,
    "minResTime" : 22.0,
    "maxResTime" : 144.0,
    "pct1ResTime" : 122.0,
    "pct2ResTime" : 131.89999999999998,
    "pct3ResTime" : 144.0,
    "throughput" : 41.49377593360996,
    "receivedKBytesPerSec" : 35.81809733748271,
    "sentKBytesPerSec" : 19.409686203319502
  }
}