{
  "Total" : {
    "transaction" : "Total",
    "sampleCount" : 2000,
    "errorCount" : 0,
    "errorPct" : 0.0,
    "meanResTime" : 189.1365000000001,
    "medianResTime" : 163.5,
    "minResTime" : 12.0,
    "maxResTime" : 1098.0,
    "pct1ResTime" : 332.0,
    "pct2ResTime" : 421.0,
    "pct3ResTime" : 574.97,
    "throughput" : 450.24763619990995,
    "receivedKBytesPerSec" : 207.9233910682125,
    "sentKBytesPerSec" : 273.92995835209365
  },
  "HTTP Request" : {
    "transaction" : "HTTP Request",
    "sampleCount" : 2000,
    "errorCount" : 0,
    "errorPct" : 0.0,
    "meanResTime" : 189.1365000000001,
    "medianResTime" : 163.5,
    "minResTime" : 12.0,
    "maxResTime" : 1098.0,
    "pct1ResTime" : 332.0,
    "pct2ResTime" : 421.0,
    "pct3ResTime" : 574.97,
    "throughput" : 450.24763619990995,
    "receivedKBytesPerSec" : 207.9233910682125,
    "sentKBytesPerSec" : 273.92995835209365
  }
}