{
  "Total" : {
    "transaction" : "Total",
    "sampleCount" : 2000,
    "errorCount" : 0,
    "errorPct" : 0.0,
    "meanResTime" : 1388.8034999999993,
    "medianResTime" : 1422.0,
    "minResTime" : 112.0,
    "maxResTime" : 2860.0,
    "pct1ResTime" : 1630.0,
    "pct2ResTime" : 1681.0,
    "pct3ResTime" : 1839.8200000000002,
    "throughput" : 135.47381968434598,
    "receivedKBytesPerSec" : 117.71279179790693,
    "sentKBytesPerSec" : 63.371054325001694
  },
  "HTTP Request" : {
    "transaction" : "HTTP Request",
    "sampleCount" : 2000,
    "errorCount" : 0,
    "errorPct" : 0.0,
    "meanResTime" : 1388.8034999999993,
    "medianResTime" : 1422.0,
    "minResTime" : 112.0,
    "maxResTime" : 2860.0,
    "pct1ResTime" : 1630.0,
    "pct2ResTime" : 1681.0,
    "pct3ResTime" : 1839.8200000000002,
    "throughput" : 135.47381968434598,
    "receivedKBytesPerSec" : 117.71279179790693,
    "sentKBytesPerSec" : 63.371054325001694
  }
}