{
  "Total" : {
    "transaction" : "Total",
    "sampleCount" : 6000,
    "errorCount" : 0,
    "errorPct" : 0.0,
    "meanResTime" : 272.3158333333325,
    "medianResTime" : 263.0,
    "minResTime" : 13.0,
    "maxResTime" : 903.0,
    "pct1ResTime" : 403.0,
    "pct2ResTime" : 455.9499999999998,
    "pct3ResTime" : 569.9799999999996,
    "throughput" : 2.308477189936886,
    "receivedKBytesPerSec" : 2.0058288417821677,
    "sentKBytesPerSec" : 1.0843530550387133
  },
  "HTTP Request" : {
    "transaction" : "HTTP Request",
    "sampleCount" : 6000,
    "errorCount" : 0,
    "errorPct" : 0.0,
    "meanResTime" : 272.3158333333325,
    "medianResTime" : 263.0,
    "minResTime" : 13.0,
    "maxResTime" : 903.0,
    "pct1ResTime" : 403.0,
    "pct2ResTime" : 455.9499999999998,
    "pct3ResTime" : 569.9799999999996,
    "throughput" : 2.308477189936886,
    "receivedKBytesPerSec" : 2.0058288417821677,
    "sentKBytesPerSec" : 1.0843530550387133
  }
}