{
  "Total" : {
    "transaction" : "Total",
    "sampleCount" : 8000,
    "errorCount" : 0,
    "errorPct" : 0.0,
    "meanResTime" : 2930.781250000001,
    "medianResTime" : 3185.5,
    "minResTime" : 191.0,
    "maxResTime" : 5622.0,
    "pct1ResTime" : 3556.0,
    "pct2ResTime" : 3672.0,
    "pct3ResTime" : 4375.899999999998,
    "throughput" : 42.288438869418584,
    "receivedKBytesPerSec" : 36.7442965119967,
    "sentKBytesPerSec" : 19.781408416456546
  },
  "HTTP Request" : {
    "transaction" : "HTTP Request",
    "sampleCount" : 8000,
    "errorCount" : 0,
    "errorPct" : 0.0,
    "meanResTime" : 2930.781250000001,
    "medianResTime" : 3185.5,
    "minResTime" : 191.0,
    "maxResTime" : 5622.0,
    "pct1ResTime" : 3556.0,
    "pct2ResTime" : 3672.0,
    "pct3ResTime" : 4375.899999999998,
    "throughput" : 42.288438869418584,
    "receivedKBytesPerSec" : 36.7442965119967,
    "sentKBytesPerSec" : 19.781408416456546
  }
}