{
  "Total" : {
    "transaction" : "Total",
    "sampleCount" : 4000,
    "errorCount" : 0,
    "errorPct" : 0.0,
    "meanResTime" : 2361.778250000007,
    "medianResTime" : 2483.0,
    "minResTime" : 166.0,
    "maxResTime" : 4280.0,
    "pct1ResTime" : 3054.8,
    "pct2ResTime" : 3227.95,
    "pct3ResTime" : 3635.9299999999985,
    "throughput" : 23.84244909637118,
    "receivedKBytesPerSec" : 20.79632010425111,
    "sentKBytesPerSec" : 11.152864372228315
  },
  "HTTP Request" : {
    "transaction" : "HTTP Request",
    "sampleCount" : 4000,
    "errorCount" : 0,
    "errorPct" : 0.0,
    "meanResTime" : 2361.778250000007,
    "medianResTime" : 2483.0,
    "minResTime" : 166.0,
    "maxResTime" : 4280.0,
    "pct1ResTime" : 3054.8,
    "pct2ResTime" : 3227.95,
    "pct3ResTime" : 3635.9299999999985,
    "throughput" : 23.84244909637118,
    "receivedKBytesPerSec" : 20.79632010425111,
    "sentKBytesPerSec" : 11.152864372228315
  }
}