{
  "Total" : {
    "transaction" : "Total",
    "sampleCount" : 4000,
    "errorCount" : 0,
    "errorPct" : 0.0,
    "meanResTime" : 177.38425,
    "medianResTime" : 163.0,
    "minResTime" : 12.0,
    "maxResTime" : 1098.0,
    "pct1ResTime" : 273.0,
    "pct2ResTime" : 342.0,
    "pct3ResTime" : 513.9899999999998,
    "throughput" : 1.5860962800094371,
    "receivedKBytesPerSec" : 0.7324647607819851,
    "sentKBytesPerSec" : 0.9649784984823041
  },
  "HTTP Request" : {
    "transaction" : "HTTP Request",
    "sampleCount" : 4000,
    "errorCount" : 0,
    "errorPct" : 0.0,
    "meanResTime" : 177.38425,
    "medianResTime" : 163.0,
    "minResTime" : 12.0,
    "maxResTime" : 1098.0,
    "pct1ResTime" : 273.0,
    "pct2ResTime" : 342.0,
    "pct3ResTime" : 513.9899999999998,
    "throughput" : 1.5860962800094371,
    "receivedKBytesPerSec" : 0.7324647607819851,
    "sentKBytesPerSec" : 0.9649784984823041
  }
}