{
  "Total" : {
    "transaction" : "Total",
    "sampleCount" : 4000,
    "errorCount" : 0,
    "errorPct" : 0.0,
    "meanResTime" : 61.63500000000001,
    "medianResTime" : 60.0,
    "minResTime" : 15.0,
    "maxResTime" : 142.0,
    "pct1ResTime" : 87.0,
    "pct2ResTime" : 95.0,
    "pct3ResTime" : 111.0,
    "throughput" : 1.5927796114653057,
    "receivedKBytesPerSec" : 1.3874868073051243,
    "sentKBytesPerSec" : 0.7450599940350403
  },
  "HTTP Request" : {
    "transaction" : "HTTP Request",
    "sampleCount" : 4000,
    "errorCount" : 0,
    "errorPct" : 0.0,
    "meanResTime" : 61.63500000000001,
    "medianResTime" : 60.0,
    "minResTime" : 15.0,
    "maxResTime" : 142.0,
    "pct1ResTime" : 87.0,
    "pct2ResTime" : 95.0,
    "pct3ResTime" : 111.0,
    "throughput" : 1.5927796114653057,
    "receivedKBytesPerSec" : 1.3874868073051243,
    "sentKBytesPerSec" : 0.7450599940350403
  }
}