{
  "Total" : {
    "transaction" : "Total",
    "sampleCount" : 4000,
    "errorCount" : 0,
    "errorPct" : 0.0,
    "meanResTime" : 698.8882500000004,
    "medianResTime" : 680.0,
    "minResTime" : 19.0,
    "maxResTime" : 2067.0,
    "pct1ResTime" : 1033.0,
    "pct2ResTime" : 1152.8999999999996,
    "pct3ResTime" : 1479.0,
    "throughput" : 0.15496295997849116,
    "receivedKBytesPerSec" : 0.13464684679916258,
    "sentKBytesPerSec" : 0.07248755647431374
  },
  "HTTP Request" : {
    "transaction" : "HTTP Request",
    "sampleCount" : 4000,
    "errorCount" : 0,
    "errorPct" : 0.0,
    "meanResTime" : 698.8882500000004,
    "medianResTime" : 680.0,
    "minResTime" : 19.0,
    "maxResTime" : 2067.0,
    "pct1ResTime" : 1033.0,
    "pct2ResTime" : 1152.8999999999996,
    "pct3ResTime" : 1479.0,
    "throughput" : 0.15496295997849116,
    "receivedKBytesPerSec" : 0.13464684679916258,
    "sentKBytesPerSec" : 0.07248755647431374
  }
}