{
  "Total" : {
    "transaction" : "Total",
    "sampleCount" : 2000,
    "errorCount" : 0,
    "errorPct" : 0.0,
    "meanResTime" : 178.5020000000005,
    "medianResTime" : 166.5,
    "minResTime" : 16.0,
    "maxResTime" : 547.0,
    "pct1ResTime" : 269.0,
    "pct2ResTime" : 303.9499999999998,
    "pct3ResTime" : 376.98,
    "throughput" : 133.1203407880724,
    "receivedKBytesPerSec" : 115.66786110972444,
    "sentKBytesPerSec" : 62.2701594116081
  },
  "HTTP Request" : {
    "transaction" : "HTTP Request",
    "sampleCount" : 2000,
    "errorCount" : 0,
    "errorPct" : 0.0,
    "meanResTime" : 178.5020000000005,
    "medianResTime" : 166.5,
    "minResTime" : 16.0,
    "maxResTime" : 547.0,
    "pct1ResTime" : 269.0,
    "pct2ResTime" : 303.9499999999998,
    "pct3ResTime" : 376.98,
    "throughput" : 133.1203407880724,
    "receivedKBytesPerSec" : 115.66786110972444,
    "sentKBytesPerSec" : 62.2701594116081
  }
}