{
  "Total" : {
    "transaction" : "Total",
    "sampleCount" : 50,
    "errorCount" : 0,
    "errorPct" : 0.0,
    "meanResTime" : 96.32000000000001,
    "medianResTime" : 97.0,
    "minResTime" : 19.0,
    "maxResTime" : 293.0,
    "pct1ResTime" : 203.89999999999998,
    "pct2ResTime" : 242.7,
    "pct3ResTime" : 293.0,
    "throughput" : 70.2247191011236,
    "receivedKBytesPerSec" : 60.67854634831461,
    "sentKBytesPerSec" : 32.84925825140449
  },
  "HTTP Request" : {
    "transaction" : "HTTP Request",
    "sampleCount" : 50,
    "errorCount" : 0,
    "errorPct" : 0.0,
    "meanResTime" : 96.32000000000001,
    "medianResTime" : 97.0,
    "minResTime" : 19.0,
    "maxResTime" : 293.0,
    "pct1ResTime" : 203.89999999999998,
    "pct2ResTime" : 242.7,
    "pct3ResTime" : 293.0,
    "throughput" : 70.2247191011236,
    "receivedKBytesPerSec" : 60.67854634831461,
    "sentKBytesPerSec" : 32.84925825140449
  }
}