{
  "Total" : {
    "transaction" : "Total",
    "sampleCount" : 4000,
    "errorCount" : 0,
    "errorPct" : 0.0,
    "meanResTime" : 151.39675000000005,
    "medianResTime" : 143.0,
    "minResTime" : 15.0,
    "maxResTime" : 424.0,
    "pct1ResTime" : 226.0,
    "pct2ResTime" : 256.0,
    "pct3ResTime" : 302.9899999999998,
    "throughput" : 1.588598943105123,
    "receivedKBytesPerSec" : 1.3852540121307402,
    "sentKBytesPerSec" : 0.7431043884251504
  },
  "HTTP Request" : {
    "transaction" : "HTTP Request",
    "sampleCount" : 4000,
    "errorCount" : 0,
    "errorPct" : 0.0,
    "meanResTime" : 151.39675000000005,
    "medianResTime" : 143.0,
    "minResTime" : 15.0,
    "maxResTime" : 424.0,
    "pct1ResTime" : 226.0,
    "pct2ResTime" : 256.0,
    "pct3ResTime" : 302.9899999999998,
    "throughput" : 1.588598943105123,
    "receivedKBytesPerSec" : 1.3852540121307402,
    "sentKBytesPerSec" : 0.7431043884251504
  }
}