{
  "Total" : {
    "transaction" : "Total",
    "sampleCount" : 4000,
    "errorCount" : 0,
    "errorPct" : 0.0,
    "meanResTime" : 698.274,
    "medianResTime" : 659.0,
    "minResTime" : 14.0,
    "maxResTime" : 3699.0,
    "pct1ResTime" : 1109.9,
    "pct2ResTime" : 1465.0,
    "pct3ResTime" : 2030.909999999998,
    "throughput" : 1.5956127033109762,
    "receivedKBytesPerSec" : 0.7368750602094482,
    "sentKBytesPerSec" : 0.970768275549549
  },
  "HTTP Request" : {
    "transaction" : "HTTP Request",
    "sampleCount" : 4000,
    "errorCount" : 0,
    "errorPct" : 0.0,
    "meanResTime" : 698.274,
    "medianResTime" : 659.0,
    "minResTime" : 14.0,
    "maxResTime" : 3699.0,
    "pct1ResTime" : 1109.9,
    "pct2ResTime" : 1465.0,
    "pct3ResTime" : 2030.909999999998,
    "throughput" : 1.5956127033109762,
    "receivedKBytesPerSec" : 0.7368750602094482,
    "sentKBytesPerSec" : 0.970768275549549
  }
}