{
  "Total" : {
    "transaction" : "Total",
    "sampleCount" : 2000,
    "errorCount" : 0,
    "errorPct" : 0.0,
    "meanResTime" : 152.15249999999992,
    "medianResTime" : 145.0,
    "minResTime" : 19.0,
    "maxResTime" : 393.0,
    "pct1ResTime" : 226.0,
    "pct2ResTime" : 257.0,
    "pct3ResTime" : 294.99,
    "throughput" : 155.02674211301448,
    "receivedKBytesPerSec" : 135.17113196166963,
    "sentKBytesPerSec" : 72.5173920626308
  },
  "HTTP Request" : {
    "transaction" : "HTTP Request",
    "sampleCount" : 2000,
    "errorCount" : 0,
    "errorPct" : 0.0,
    "meanResTime" : 152.15249999999992,
    "medianResTime" : 145.0,
    "minResTime" : 19.0,
    "maxResTime" : 393.0,
    "pct1ResTime" : 226.0,
    "pct2ResTime" : 257.0,
    "pct3ResTime" : 294.99,
    "throughput" : 155.02674211301448,
    "receivedKBytesPerSec" : 135.17113196166963,
    "sentKBytesPerSec" : 72.5173920626308
  }
}