{
  "Total" : {
    "transaction" : "Total",
    "sampleCount" : 7370,
    "errorCount" : 0,
    "errorPct" : 0.0,
    "meanResTime" : 2871.070420624156,
    "medianResTime" : 2774.0,
    "minResTime" : 147.0,
    "maxResTime" : 5651.0,
    "pct1ResTime" : 4268.900000000001,
    "pct2ResTime" : 4747.45,
    "pct3ResTime" : 5265.87,
    "throughput" : 0.28375052746027496,
    "receivedKBytesPerSec" : 0.247083977258377,
    "sentKBytesPerSec" : 0.13273095962253095
  },
  "HTTP Request" : {
    "transaction" : "HTTP Request",
    "sampleCount" : 7370,
    "errorCount" : 0,
    "errorPct" : 0.0,
    "meanResTime" : 2871.070420624156,
    "medianResTime" : 2774.0,
    "minResTime" : 147.0,
    "maxResTime" : 5651.0,
    "pct1ResTime" : 4268.900000000001,
    "pct2ResTime" : 4747.45,
    "pct3ResTime" : 5265.87,
    "throughput" : 0.28375052746027496,
    "receivedKBytesPerSec" : 0.247083977258377,
    "sentKBytesPerSec" : 0.13273095962253095
  }
}