{
  "Total" : {
    "transaction" : "Total",
    "sampleCount" : 8000,
    "errorCount" : 0,
    "errorPct" : 0.0,
    "meanResTime" : 299.1584999999987,
    "medianResTime" : 284.0,
    "minResTime" : 13.0,
    "maxResTime" : 1156.0,
    "pct1ResTime" : 449.0,
    "pct2ResTime" : 510.0,
    "pct3ResTime" : 656.0,
    "throughput" : 0.2816609928993616,
    "receivedKBytesPerSec" : 0.24473438404560882,
    "sentKBytesPerSec" : 0.13216612020326488
  },
  "HTTP Request" : {
    "transaction" : "HTTP Request",
    "sampleCount" : 8000,
    "errorCount" : 0,
    "errorPct" : 0.0,
    "meanResTime" : 299.1584999999987,
    "medianResTime" : 284.0,
    "minResTime" : 13.0,
    "maxResTime" : 1156.0,
    "pct1ResTime" : 449.0,
    "pct2ResTime" : 510.0,
    "pct3ResTime" : 656.0,
    "throughput" : 0.2816609928993616,
    "receivedKBytesPerSec" : 0.24473438404560882,
    "sentKBytesPerSec" : 0.13216612020326488
  }
}