{
  "Total" : {
    "transaction" : "Total",
    "sampleCount" : 2000,
    "errorCount" : 0,
    "errorPct" : 0.0,
    "meanResTime" : 608.0530000000002,
    "medianResTime" : 594.5,
    "minResTime" : 18.0,
    "maxResTime" : 1701.0,
    "pct1ResTime" : 901.9000000000001,
    "pct2ResTime" : 993.9499999999998,
    "pct3ResTime" : 1426.6400000000003,
    "throughput" : 154.36863229391787,
    "receivedKBytesPerSec" : 134.37661303160698,
    "sentKBytesPerSec" : 72.20954577029947
  },
  "HTTP Request" : {
    "transaction" : "HTTP Request",
    "sampleCount" : 2000,
    "errorCount" : 0,
    "errorPct" : 0.0,
    "meanResTime" : 608.0530000000002,
    "medianResTime" : 594.5,
    "minResTime" : 18.0,
    "maxResTime" : 1701.0,
    "pct1ResTime" : 901.9000000000001,
    "pct2ResTime" : 993.9499999999998,
    "pct3ResTime" : 1426.6400000000003,
    "throughput" : 154.36863229391787,
    "receivedKBytesPerSec" : 134.37661303160698,
    "sentKBytesPerSec" : 72.20954577029947
  }
}