{
  "Total" : {
    "transaction" : "Total",
    "sampleCount" : 20,
    "errorCount" : 0,
    "errorPct" : 0.0,
    "meanResTime" : 60.24999999999999,
    "medianResTime" : 31.5,
    "minResTime" : 24.0,
    "maxResTime" : 143.0,
    "pct1ResTime" : 142.70000000000002,
    "pct2ResTime" : 143.0,
    "pct3ResTime" : 143.0,
    "throughput" : 27.027027027027028,
    "receivedKBytesPerSec" : 23.618296030405407,
    "sentKBytesPerSec" : 12.642525337837839
  },
  "HTTP Request" : {
    "transaction" : "HTTP Request",
    "sampleCount" : 20,
    "errorCount" : 0,
    "errorPct" : 0.0,
    "meanResTime" : 60.24999999999999,
    "medianResTime" : 31.5,
    "minResTime" : 24.0,
    "maxResTime" : 143.0,
    "pct1ResTime" : 142.70000000000002,
    "pct2ResTime" : 143.0,
    "pct3ResTime" : 143.0,
    "throughput" : 27.027027027027028,
    "receivedKBytesPerSec" : 23.618296030405407,
    "sentKBytesPerSec" : 12.642525337837839
  }
}