{
  "Total" : {
    "transaction" : "Total",
    "sampleCount" : 20,
    "errorCount" : 0,
    "errorPct" : 0.0,
    "meanResTime" : 59.800000000000004,
    "medianResTime" : 23.0,
    "minResTime" : 18.0,
    "maxResTime" : 146.0,
    "pct1ResTime" : 146.0,
    "pct2ResTime" : 146.0,
    "pct3ResTime" : 146.0,
    "throughput" : 27.972027972027973,
    "receivedKBytesPerSec" : 12.889259178321678,
    "sentKBytesPerSec" : 17.018138111888113
  },
  "HTTP Request" : {
    "transaction" : "HTTP Request",
    "sampleCount" : 20,
    "errorCount" : 0,
    "errorPct" : 0.0,
    "meanResTime" : 59.800000000000004,
    "medianResTime" : 23.0,
    "minResTime" : 18.0,
    "maxResTime" : 146.0,
    "pct1ResTime" : 146.0,
    "pct2ResTime" : 146.0,
    "pct3ResTime" : 146.0,
    "throughput" : 27.972027972027973,
    "receivedKBytesPerSec" : 12.889259178321678,
    "sentKBytesPerSec" : 17.018138111888113
  }
}