{
  "Total" : {
    "transaction" : "Total",
    "sampleCount" : 10000,
    "errorCount" : 0,
    "errorPct" : 0.0,
    "meanResTime" : 2365.0286000000137,
    "medianResTime" : 2457.0,
    "minResTime" : 118.0,
    "maxResTime" : 6277.0,
    "pct1ResTime" : 3063.0,
    "pct2ResTime" : 3376.0,
    "pct3ResTime" : 4012.99,
    "throughput" : 30.343396214964756,
    "receivedKBytesPerSec" : 26.365285111291993,
    "sentKBytesPerSec" : 14.193834752898553
  },
  "HTTP Request" : {
    "transaction" : "HTTP Request",
    "sampleCount" : 10000,
    "errorCount" : 0,
    "errorPct" : 0.0,
    "meanResTime" : 2365.0286000000137,
    "medianResTime" : 2457.0,
    "minResTime" : 118.0,
    "maxResTime" : 6277.0,
    "pct1ResTime" : 3063.0,
    "pct2ResTime" : 3376.0,
    "pct3ResTime" : 4012.99,
    "throughput" : 30.343396214964756,
    "receivedKBytesPerSec" : 26.365285111291993,
    "sentKBytesPerSec" : 14.193834752898553
  }
}