{
  "Total" : {
    "transaction" : "Total",
    "sampleCount" : 100,
    "errorCount" : 0,
    "errorPct" : 0.0,
    "meanResTime" : 563.7900000000001,
    "medianResTime" : 602.0,
    "minResTime" : 205.0,
    "maxResTime" : 774.0,
    "pct1ResTime" : 706.9,
    "pct2ResTime" : 756.4999999999997,
    "pct3ResTime" : 773.97,
    "throughput" : 94.33962264150944,
    "receivedKBytesPerSec" : 82.8456662735849,
    "sentKBytesPerSec" : 44.1295695754717
  },
  "HTTP Request" : {
    "transaction" : "HTTP Request",
    "sampleCount" : 100,
    "errorCount" : 0,
    "errorPct" : 0.0,
    "meanResTime" : 563.7900000000001,
    "medianResTime" : 602.0,
    "minResTime" : 205.0,
    "maxResTime" : 774.0,
    "pct1ResTime" : 706.9,
    "pct2ResTime" : 756.4999999999997,
    "pct3ResTime" : 773.97,
    "throughput" : 94.33962264150944,
    "receivedKBytesPerSec" : 82.8456662735849,
    "sentKBytesPerSec" : 44.1295695754717
  }
}