{
  "Total" : {
    "transaction" : "Total",
    "sampleCount" : 80,
    "errorCount" : 0,
    "errorPct" : 0.0,
    "meanResTime" : 174.22500000000005,
    "medianResTime" : 170.0,
    "minResTime" : 18.0,
    "maxResTime" : 345.0,
    "pct1ResTime" : 297.9,
    "pct2ResTime" : 335.45000000000005,
    "pct3ResTime" : 345.0,
    "throughput" : 119.9400299850075,
    "receivedKBytesPerSec" : 104.49657983508246,
    "sentKBytesPerSec" : 56.104760119940025
  },
  "HTTP Request" : {
    "transaction" : "HTTP Request",
    "sampleCount" : 80,
    "errorCount" : 0,
    "errorPct" : 0.0,
    "meanResTime" : 174.22500000000005,
    "medianResTime" : 170.0,
    "minResTime" : 18.0,
    "maxResTime" : 345.0,
    "pct1ResTime" : 297.9,
    "pct2ResTime" : 335.45000000000005,
    "pct3ResTime" : 345.0,
    "throughput" : 119.9400299850075,
    "receivedKBytesPerSec" : 104.49657983508246,
    "sentKBytesPerSec" : 56.104760119940025
  }
}