{
  "Total" : {
    "transaction" : "Total",
    "sampleCount" : 2000,
    "errorCount" : 0,
    "errorPct" : 0.0,
    "meanResTime" : 647.861,
    "medianResTime" : 659.0,
    "minResTime" : 18.0,
    "maxResTime" : 1193.0,
    "pct1ResTime" : 758.0,
    "pct2ResTime" : 805.0,
    "pct3ResTime" : 911.8800000000001,
    "throughput" : 147.21036360959812,
    "receivedKBytesPerSec" : 127.9106392840056,
    "sentKBytesPerSec" : 68.86109782128662
  },
  "HTTP Request" : {
    "transaction" : "HTTP Request",
    "sampleCount" : 2000,
    "errorCount" : 0,
    "errorPct" : 0.0,
    "meanResTime" : 647.861,
    "medianResTime" : 659.0,
    "minResTime" : 18.0,
    "maxResTime" : 1193.0,
    "pct1ResTime" : 758.0,
    "pct2ResTime" : 805.0,
    "pct3ResTime" : 911.8800000000001,
    "throughput" : 147.21036360959812,
    "receivedKBytesPerSec" : 127.9106392840056,
    "sentKBytesPerSec" : 68.86109782128662
  }
}