{
  "Total" : {
    "transaction" : "Total",
    "sampleCount" : 4000,
    "errorCount" : 0,
    "errorPct" : 0.0,
    "meanResTime" : 1449.7224999999992,
    "medianResTime" : 1400.0,
    "minResTime" : 30.0,
    "maxResTime" : 4786.0,
    "pct1ResTime" : 2173.9,
    "pct2ResTime" : 2396.95,
    "pct3ResTime" : 2856.0,
    "throughput" : 0.15500489292320124,
    "receivedKBytesPerSec" : 0.13503242164686732,
    "sentKBytesPerSec" : 0.07250717159200527
  },
  "HTTP Request" : {
    "transaction" : "HTTP Request",
    "sampleCount" : 4000,
    "errorCount" : 0,
    "errorPct" : 0.0,
    "meanResTime" : 1449.7224999999992,
    "medianResTime" : 1400.0,
    "minResTime" : 30.0,
    "maxResTime" : 4786.0,
    "pct1ResTime" : 2173.9,
    "pct2ResTime" : 2396.95,
    "pct3ResTime" : 2856.0,
    "throughput" : 0.15500489292320124,
    "receivedKBytesPerSec" : 0.13503242164686732,
    "sentKBytesPerSec" : 0.07250717159200527
  }
}