{
  "Total" : {
    "transaction" : "Total",
    "sampleCount" : 40,
    "errorCount" : 0,
    "errorPct" : 0.0,
    "meanResTime" : 46.775,
    "medianResTime" : 22.0,
    "minResTime" : 18.0,
    "maxResTime" : 125.0,
    "pct1ResTime" : 108.0,
    "pct2ResTime" : 118.89999999999999,
    "pct3ResTime" : 125.0,
    "throughput" : 0.6326111023248459,
    "receivedKBytesPerSec" : 0.29148606772892616,
    "sentKBytesPerSec" : 0.38487960619958883
  },
  "HTTP Request" : {
    "transaction" : "HTTP Request",
    "sampleCount" : 40,
    "errorCount" : 0,
    "errorPct" : 0.0,
    "meanResTime" : 46.775,
    "medianResTime" : 22.0,
    "minResTime" : 18.0,
    "maxResTime" : 125.0,
    "pct1ResTime" : 108.0,
    "pct2ResTime" : 118.89999999999999,
    "pct3ResTime" : 125.0,
    "throughput" : 0.6326111023248459,
    "receivedKBytesPerSec" : 0.29148606772892616,
    "sentKBytesPerSec" : 0.38487960619958883
  }
}