{
  "Total" : {
    "transaction" : "Total",
    "sampleCount" : 4000,
    "errorCount" : 0,
    "errorPct" : 0.0,
    "meanResTime" : 642.5574999999993,
    "medianResTime" : 652.0,
    "minResTime" : 18.0,
    "maxResTime" : 1354.0,
    "pct1ResTime" : 787.0,
    "pct2ResTime" : 842.9499999999998,
    "pct3ResTime" : 967.9899999999998,
    "throughput" : 1.5762329293973747,
    "receivedKBytesPerSec" : 1.3695840205544716,
    "sentKBytesPerSec" : 0.7373198956849047
  },
  "HTTP Request" : {
    "transaction" : "HTTP Request",
    "sampleCount" : 4000,
    "errorCount" : 0,
    "errorPct" : 0.0,
    "meanResTime" : 642.5574999999993,
    "medianResTime" : 652.0,
    "minResTime" : 18.0,
    "maxResTime" : 1354.0,
    "pct1ResTime" : 787.0,
    "pct2ResTime" : 842.9499999999998,
    "pct3ResTime" : 967.9899999999998,
    "throughput" : 1.5762329293973747,
    "receivedKBytesPerSec" : 1.3695840205544716,
    "sentKBytesPerSec" : 0.7373198956849047
  }
}