{
  "Total" : {
    "transaction" : "Total",
    "sampleCount" : 14000,
    "errorCount" : 0,
    "errorPct" : 0.0,
    "meanResTime" : 2708.078071428578,
    "medianResTime" : 2592.0,
    "minResTime" : 118.0,
    "maxResTime" : 6837.0,
    "pct1ResTime" : 3979.8999999999996,
    "pct2ResTime" : 4353.949999999999,
    "pct3ResTime" : 5281.0,
    "throughput" : 0.5361436656693884,
    "receivedKBytesPerSec" : 0.46585360800895625,
    "sentKBytesPerSec" : 0.25079376548402055
  },
  "HTTP Request" : {
    "transaction" : "HTTP Request",
    "sampleCount" : 14000,
    "errorCount" : 0,
    "errorPct" : 0.0,
    "meanResTime" : 2708.078071428578,
    "medianResTime" : 2592.0,
    "minResTime" : 118.0,
    "maxResTime" : 6837.0,
    "pct1ResTime" : 3979.8999999999996,
    "pct2ResTime" : 4353.949999999999,
    "pct3ResTime" : 5281.0,
    "throughput" : 0.5361436656693884,
    "receivedKBytesPerSec" : 0.46585360800895625,
    "sentKBytesPerSec" : 0.25079376548402055
  }
}