{
  "Total" : {
    "transaction" : "Total",
    "sampleCount" : 2000,
    "errorCount" : 0,
    "errorPct" : 0.0,
    "meanResTime" : 371.0970000000008,
    "medianResTime" : 332.0,
    "minResTime" : 14.0,
    "maxResTime" : 1879.0,
    "pct1ResTime" : 661.9000000000001,
    "pct2ResTime" : 820.9499999999998,
    "pct3ResTime" : 1225.98,
    "throughput" : 449.034575662326,
    "receivedKBytesPerSec" : 207.36013274584644,
    "sentKBytesPerSec" : 273.1919342164347
  },
  "HTTP Request" : {
    "transaction" : "HTTP Request",
    "sampleCount" : 2000,
    "errorCount" : 0,
    "errorPct" : 0.0,
    "meanResTime" : 371.0970000000008,
    "medianResTime" : 332.0,
    "minResTime" : 14.0,
    "maxResTime" : 1879.0,
    "pct1ResTime" : 661.9000000000001,
    "pct2ResTime" : 820.9499999999998,
    "pct3ResTime" : 1225.98,
    "throughput" : 449.034575662326,
    "receivedKBytesPerSec" : 207.36013274584644,
    "sentKBytesPerSec" : 273.1919342164347
  }
}